"gene","group","description","baseMean","log2FoldChange","padj"
"AGR57_11042","classII_lignin_mn","ligninase precursor",220120.238706408,9.15414619859846,2.19351697846591e-218
"AGR57_14158","classII_lignin_mn","Class II peroxidase",341824.372432348,8.8765493990342,0
"AGR57_13022","classII_lignin_mn","Class II peroxidase",188690.576349032,8.48741865165763,5.70724171933933e-225
"AGR57_13026","classII_lignin_mn","Class II peroxidase",228889.751499068,8.23066889231978,3.14204316302223e-262
"AGR57_14164","classII_lignin_mn","Class II peroxidase",36531.8784842426,8.00018646297521,7.61335098751332e-232
"AGR57_5338","classII_lignin_mn","Class II peroxidase",57364.5965399556,7.08566266580053,3.83925118152804e-308
"AGR57_14201","classII_lignin_mn","Class II peroxidase",15869.116883524,5.85607122816937,1.11633775743441e-88
"AGR57_14163","classII_lignin_mn","Class II peroxidase",10031.3120610408,5.74303796273375,0
"AGR57_14174","classII_lignin_mn","Class II peroxidase",5489.10649269969,4.7012341373399,8.74229912776506e-11
"AGR57_14195","classII_lignin_mn","Class II peroxidase",911.462678980484,1.97315141952852,7.64987681559643e-12
"AGR57_14203","classII_lignin_mn","Class II peroxidase",334.925470918023,1.43255580578091,2.10550850881534e-23
"AGR57_1292","classII_lignin_mn","Class II peroxidase",693.048755745302,1.36075570258284,1.17002746115586e-12
"AGR57_9594","classII_lignin_mn","Class II peroxidase",321.506133225071,0.818786191833417,7.19250180168672e-12
"AGR57_7704","classII_lignin_mn","Class II peroxidase",355.617649903524,0.686612857719156,5.3782946559436e-06
"AGR57_10276","classII_lignin_mn","Class II peroxidase",3702.1170163809,0.0858796281910399,0.588747676826793
"AGR57_14196","classII_lignin_mn","Class II peroxidase",1252.31738400569,-0.16401312598943,0.133381782681855
"AGR57_6363","classII_lignin_mn","Class II peroxidase",5008.56975710206,-1.40590033672597,3.25944565200177e-27
"AGR57_13823","heme_other","heme peroxidase",6393.90334146552,1.52074088054925,4.13040577251133e-61
"AGR57_3319","heme_other","heme peroxidase",1164.76315454476,1.38613197402835,8.69734095472906e-09
"AGR57_15246","heme_other","Haem peroxidase",514.871193908401,-1.44451614002804,3.43962897929766e-17
"AGR57_4907","other_peroxidases","chloroperoxidase-like protein",3518.2847409293,2.42984413397239,5.87780359927407e-42
"AGR57_2905","other_peroxidases","Cloroperoxidase",3036.04011898325,1.89064802910233,1.67587724719013e-45
"AGR57_2491","other_peroxidases","Cloroperoxidase",1118.84906314641,1.3798996324024,4.82897928644958e-13
"AGR57_11367","other_peroxidases","AhpC-TSA-domain containing protein",6217.47968508451,0.504983114345733,2.47667693792274e-05
"AGR57_10245","other_peroxidases","Cloroperoxidase",494.728641454078,0.468394138804569,0.000119403808697343
"AGR57_2904","other_peroxidases","Cloroperoxidase",165.163170067494,-0.369305676212602,0.0250989509375222
"AGR57_13235","other_peroxidases","glutathione peroxidase",16058.6931498538,-0.430052545534909,2.40254661918238e-06
"AGR57_14063","other_peroxidases","peroxiredoxin",5178.35627805498,-2.34915343463116,4.87114531220669e-117
