gene,group,description
AGR57_10276,classII_lignin_mn,Class II peroxidase
AGR57_1292,classII_lignin_mn,Class II peroxidase
AGR57_13022,classII_lignin_mn,Class II peroxidase
AGR57_13026,classII_lignin_mn,Class II peroxidase
AGR57_14158,classII_lignin_mn,Class II peroxidase
AGR57_14163,classII_lignin_mn,Class II peroxidase
AGR57_14164,classII_lignin_mn,Class II peroxidase
AGR57_14174,classII_lignin_mn,Class II peroxidase
AGR57_14195,classII_lignin_mn,Class II peroxidase
AGR57_14196,classII_lignin_mn,Class II peroxidase
AGR57_14201,classII_lignin_mn,Class II peroxidase
AGR57_14203,classII_lignin_mn,Class II peroxidase
AGR57_5338,classII_lignin_mn,Class II peroxidase
AGR57_7704,classII_lignin_mn,Class II peroxidase
AGR57_9594,classII_lignin_mn,Class II peroxidase
AGR57_6363,classII_lignin_mn,Class II peroxidase
AGR57_11042,classII_lignin_mn,ligninase precursor
AGR57_15246,heme_other,Haem peroxidase
AGR57_13823,heme_other,heme peroxidase
AGR57_3319,heme_other,heme peroxidase
AGR57_13235,other_peroxidases,glutathione peroxidase
AGR57_10245,other_peroxidases,Cloroperoxidase
AGR57_2491,other_peroxidases,Cloroperoxidase
AGR57_2904,other_peroxidases,Cloroperoxidase
AGR57_2905,other_peroxidases,Cloroperoxidase
AGR57_4907,other_peroxidases,chloroperoxidase-like protein
AGR57_11367,other_peroxidases,AhpC-TSA-domain containing protein
AGR57_14063,other_peroxidases,peroxiredoxin
